adjusted_train_images_1000,
adjusted_train_images_2000,
adjusted_train_images_3000,
adjusted_train_images_4000,
adjusted_train_images_5000,
adjusted_train_images_6000,
adjusted_train_images_7000,
adjusted_train_images_8000,
adjusted_train_images_9000,
adjusted_train_images_10000,
adjusted_train_images_11000,
adjusted_train_images_12000,
adjusted_train_images_13000,
adjusted_train_images_14000,
adjusted_train_images_15000,
adjusted_train_images_16000,
adjusted_train_images_17000,
adjusted_train_images_18000,
adjusted_train_images_19000,
adjusted_train_images_20000,
adjusted_train_images_21000,
adjusted_train_images_22000,
adjusted_train_images_23000,
adjusted_train_images_24000,
adjusted_train_images_25000,
adjusted_train_images_26000,
adjusted_train_images_27000,
adjusted_train_images_28000,
adjusted_train_images_29000,
adjusted_train_images_30000,
adjusted_train_images_31000,
adjusted_train_images_32000,
adjusted_train_images_33000,
adjusted_train_images_34000,
adjusted_train_images_35000,
adjusted_train_images_36000,
adjusted_train_images_37000,
adjusted_train_images_38000,
adjusted_train_images_39000,
adjusted_train_images_40000,
adjusted_train_images_41000,
adjusted_train_images_42000,
adjusted_train_images_43000,
adjusted_train_images_44000,
adjusted_train_images_45000,
adjusted_train_images_46000,
adjusted_train_images_47000,
adjusted_train_images_48000,
adjusted_train_images_49000,
adjusted_train_images_50000,
adjusted_train_images_51000,
adjusted_train_images_52000,
adjusted_train_images_53000,
adjusted_train_images_54000,
adjusted_train_images_55000,
adjusted_train_images_56000,
adjusted_train_images_57000,
adjusted_train_images_58000,
adjusted_train_images_59000,
adjusted_train_images_60000,
adjusted_train_images_61000,
adjusted_train_images_62000,
adjusted_train_images_63000,
adjusted_train_images_64000,
adjusted_train_images_65000,
adjusted_train_images_66000,
adjusted_train_images_67000,
adjusted_train_images_68000,
adjusted_train_images_69000,
adjusted_train_images_70000,
adjusted_train_images_71000,
adjusted_train_images_72000,
adjusted_train_images_73000,
adjusted_train_images_74000,
adjusted_train_images_75000,
adjusted_train_images_76000,
adjusted_train_images_77000,
adjusted_train_images_78000,
adjusted_train_images_79000,
adjusted_train_images_80000,
adjusted_train_images_81000,
adjusted_train_images_82000,
adjusted_train_images_83000,
adjusted_train_images_84000,
adjusted_train_images_85000,
adjusted_train_images_86000,
adjusted_train_images_87000,
adjusted_train_images_88000,
adjusted_train_images_89000,
adjusted_train_images_90000,
adjusted_train_images_91000,https://drive.google.com/file/d/1TkV1E7bLixmdG3dOa1A_nFi_vOE3kqIG/view?usp=sharing
adjusted_train_images_92000,https://drive.google.com/file/d/1yG1uYUFQen9bsKPHfn-qQq1S-vrbti4U/view?usp=sharing
adjusted_train_images_93000,https://drive.google.com/file/d/1jH5Vf_5GiybSte1fBkUsyDb_bhAU3q32/view?usp=sharing
adjusted_train_images_94000,https://drive.google.com/file/d/1F4gswH2LbLav7d7Ke3lOdUAKE9-lzDkh/view?usp=sharing
adjusted_train_images_95000,https://drive.google.com/file/d/1h9j5gys0BrPu6cqmykP4fX6rmD612pdo/view?usp=sharing
adjusted_train_images_96000,https://drive.google.com/file/d/1-QwCoc7RAHtyJnb_xq63TMw9sdlDTZNS/view?usp=sharing
adjusted_train_images_97000,https://drive.google.com/file/d/1tzoX-cVOKpQ17btCP46wbwYNzn31HsDV/view?usp=sharing
adjusted_train_images_98000,https://drive.google.com/file/d/1k8D-k9GYL1ZcuDpo9ZuzCogaf8ivd0hJ/view?usp=sharing
adjusted_train_images_99000,https://drive.google.com/file/d/1TTq4bf8Q8CLLpHbyeisizXNsc5yyqLKw/view?usp=sharing
adjusted_train_images_100000,https://drive.google.com/file/d/1xPVtm31R6e82sWocEgS1wJbLGTv2vBOu/view?usp=sharing
adjusted_train_images_101000,https://drive.google.com/file/d/1sj4jOcCym-6R4iDT81-Yi6AE1YGnUCB5/view?usp=sharing
adjusted_train_images_102000,https://drive.google.com/file/d/1oRjiPRZ75vOs_b-QZcrXre0he7G7e1KQ/view?usp=sharing
adjusted_train_images_103000,https://drive.google.com/file/d/1nj2tiH9KoF0J_EsdYe-ycj2nf1K30UMa/view?usp=sharing
adjusted_train_images_104000,https://drive.google.com/file/d/1-tHc8-EoNhyvUD3NE9cUQnb1rBepXidy/view?usp=sharing
adjusted_train_images_105000,https://drive.google.com/file/d/1xiIqPdafn19L4Kr8xfZTMPCKJcUbLiHu/view?usp=sharing
adjusted_train_images_106000,https://drive.google.com/file/d/1eKJZmusDZwpWrw1Qn0x63FFHV4xkWwtK/view?usp=sharing
adjusted_train_images_107000,https://drive.google.com/file/d/1etFDfsb1siRjGGqeywqIRnJ-GCcGsynt/view?usp=sharing
adjusted_train_images_108000,https://drive.google.com/file/d/1zTAQ6jSV_Xc_7gIDg90I9sezaJDKs4en/view?usp=sharing
adjusted_train_images_109000,https://drive.google.com/file/d/1USCjwtC4UBQRWtC08LVfoIS_KRK53Egc/view?usp=sharing
adjusted_train_images_110000,https://drive.google.com/file/d/1JYasVh2geVFsUY3Kki4Mv8tISUjJJWpO/view?usp=sharing
adjusted_train_images_111000,https://drive.google.com/file/d/1NyyyrMg25h_3MbE3Yb4W6pKIVuepvVzL/view?usp=sharing
adjusted_train_images_112000,https://drive.google.com/file/d/1pf0kAe8yx0Y5BqkFqqrbvtNcWiCJ2hSb/view?usp=sharing
adjusted_train_images_113000,https://drive.google.com/file/d/1I2ZZx1veCfALm1e811FNIWBfrGyEnoQ8/view?usp=sharing
adjusted_train_images_114000,https://drive.google.com/file/d/1oxp4A7x8ed9mRibV2zGTZtn0FnBqFSCO/view?usp=sharing
adjusted_train_images_115000,https://drive.google.com/file/d/1ppvMgQ4kLPcglIaE7u4FZXDDOGO9QsuJ/view?usp=sharing
adjusted_train_images_116000,https://drive.google.com/file/d/1YCem8fn0QHxwJJTdLztahlDDb-h9UHf3/view?usp=sharing
adjusted_train_images_117000,https://drive.google.com/file/d/1oiLj98i0p_EB4Ah_VEqYXbcayNC6zqqO/view?usp=sharing
adjusted_train_images_118000,https://drive.google.com/file/d/1ns1YsIyTC_GdGNymcCwpY0sTQ6vGHI2U/view?usp=sharing
adjusted_train_images_119000,https://drive.google.com/file/d/1fsihIgMXTSL6ZG1kJ25p_qXywSGhKOMK/view?usp=sharing
adjusted_train_images_120000,https://drive.google.com/file/d/1ssqjhuMXgqiwrOKuu4M1Wjqjx16Ywe2-/view?usp=sharing
adjusted_train_images_121000,https://drive.google.com/file/d/17ttOSumBdoyUPomcqWQBmH5N-dPDtdDu/view?usp=sharing
adjusted_train_images_122000,https://drive.google.com/file/d/1DuKAJ1OTdIB9LpDGBIXO-ftFkeQ41mnL/view?usp=sharing
adjusted_train_images_123000,https://drive.google.com/file/d/1pREjWEtfejVvfoSc5hJc9ERiL4augPsN/view?usp=sharing
adjusted_train_images_124000,https://drive.google.com/file/d/18G28IGCli-EV3rUvqHxzKNfGJaFxJOLa/view?usp=sharing
adjusted_train_images_125000,https://drive.google.com/file/d/1ERkBTpr9vfrcsfjs8CbhTsk9UZDKdXkR/view?usp=sharing
adjusted_train_images_126000,https://drive.google.com/file/d/1K34uzHNYCk72sZDhZ4zf7cEbBzbh56SH/view?usp=sharing
adjusted_train_images_127000,https://drive.google.com/file/d/1lKMnaC1U7R7Ck2A-fkUz5v06siK8ao0r/view?usp=sharing
adjusted_train_images_128000,https://drive.google.com/file/d/1AROs6YuVCd8LOZZVkeZlh2TVocweDSyO/view?usp=sharing
adjusted_train_images_129000,https://drive.google.com/file/d/1mb9WDglfCUxf2one844DmyPp5iFidGmc/view?usp=sharing
adjusted_train_images_130000,https://drive.google.com/file/d/1r3rwZc4DZzhH7MjtrxzvOrKeT1v_6hXp/view?usp=sharing
adjusted_train_images_131000,https://drive.google.com/file/d/1ecIJiubqppbIuNEazCY8W-wBqDVmm8ir/view?usp=sharing
adjusted_train_images_132000,https://drive.google.com/file/d/1LhGxV3U-zDFbUj91HK2sXWX-XoZXY6g0/view?usp=sharing
adjusted_train_images_133000,https://drive.google.com/file/d/1G588fRPknbE_qI-hUXGBZ0Mg_urz1_vY/view?usp=sharing
adjusted_train_images_134000,https://drive.google.com/file/d/1pxVgikqos9cJ2OPi7JvbeA-KFGzrYTr9/view?usp=sharing
adjusted_train_images_135000,https://drive.google.com/file/d/1RT4XVxg6Une-l5kLjqMgc9-Gf7r0T2Uu/view?usp=sharing
adjusted_train_images_136000,https://drive.google.com/file/d/1XvPDZtd0u0igehpPSOd2efb6cAtXJ9p5/view?usp=sharing
adjusted_train_images_137000,https://drive.google.com/file/d/15I20OKLybNXxZiHPCwR31WtXFP3jTuzQ/view?usp=sharing
adjusted_train_images_138000,https://drive.google.com/file/d/1WcaZ82sufhxzmifqZhQDhV4PADGIANlC/view?usp=sharing
adjusted_train_images_139000,https://drive.google.com/file/d/1KeowsY5Bnz4b72mDrPi0tcWQEttIIeI6/view?usp=sharing
adjusted_train_images_140000,https://drive.google.com/file/d/1xwE5D19Nl8iugibWYiLFs9IdceeBjwB9/view?usp=sharing
adjusted_train_images_141000,https://drive.google.com/file/d/1ODxsmV153-b1MTn-dNaClNPN4fr0AXMX/view?usp=sharing
adjusted_train_images_142000,https://drive.google.com/file/d/1s85C8H7PWzKDHafI7pDL-3hG5K6zAoGa/view?usp=sharing
adjusted_train_images_143000,https://drive.google.com/file/d/1AVGle0QKeIThosMUZ8iiacyCCQFJ6MSo/view?usp=sharing
adjusted_train_images_144000,https://drive.google.com/file/d/1hjVAykweP0ohAJDdyd0SpU0suF4Lmhgx/view?usp=sharing
adjusted_train_images_145000,https://drive.google.com/file/d/1Ym4jAgaT9_NP01joGrpgsSQPmktfK_ES/view?usp=sharing
adjusted_train_images_146000,https://drive.google.com/file/d/1qh_niOMwTG6jtY11E0pptKG7hBwpEvaO/view?usp=sharing
adjusted_train_images_147000,https://drive.google.com/file/d/1Yrqfloe3o4K_rcJpBU9KlXJCpWsa1F9J/view?usp=sharing
adjusted_train_images_148000,https://drive.google.com/file/d/1epBce1JOV-ffx7y8q86tfFFZf9pzudGi/view?usp=sharing
adjusted_train_images_149000,https://drive.google.com/file/d/1dAroMrw1Up_RDYbBIoU7eR-5Nv7izEBZ/view?usp=sharing
adjusted_train_images_150000,https://drive.google.com/file/d/1sRK4aFsZWvFmF7myzk3_xGq5bS8iDbkx/view?usp=sharing
adjusted_train_images_151000,https://drive.google.com/file/d/14zYxzJ5osv9KcpU7TeXnTPQkOgr1xRSP/view?usp=sharing
adjusted_train_images_152000,https://drive.google.com/file/d/1IPDf_xXD1W5fjsCmf3YQamMAH6nNrrgP/view?usp=sharing
adjusted_train_images_153000,https://drive.google.com/file/d/1YJ4VkOlCgecsCpKN7HmtBqgT2-1d6--h/view?usp=sharing
adjusted_train_images_154000,https://drive.google.com/file/d/1TqJ8913ZrFPQsZHLRyM00wZHGGG_Fzqz/view?usp=sharing
adjusted_train_images_155000,https://drive.google.com/file/d/1Edk-u29AFPy4x1_l4KjkHCsJApcS2gt6/view?usp=sharing
adjusted_train_images_156000,https://drive.google.com/file/d/1yIlft-ciWxqWnMqpVShYG4L3njbmvbxv/view?usp=sharing
adjusted_train_images_157000,https://drive.google.com/file/d/1HXUoYFnMfZs4ZgpiIsy1Sgm27jRphmn9/view?usp=sharing
adjusted_train_images_158000,https://drive.google.com/file/d/1uVozpsTWa1AZo8JfEXuIPcHjncXDTwAz/view?usp=sharing
adjusted_train_images_159000,https://drive.google.com/file/d/1K6WxJHgCeqLKI1ioo-utdzxa5MNcJYPt/view?usp=sharing
adjusted_train_images_160000,https://drive.google.com/file/d/1TYfOuwVJGgia1vt8R3qo3Y9iaa68exwr/view?usp=sharing
adjusted_train_images_161000,https://drive.google.com/file/d/1fzPdTrAnY95FbLpBKoWLE0epb8t9s-ot/view?usp=sharing
adjusted_train_images_162000,https://drive.google.com/file/d/1yZjnFwZLYf3pb4Dshgn6UA3xl4xsMbN2/view?usp=sharing
adjusted_train_images_163000,https://drive.google.com/file/d/1LOYXr4TuYjN0rsKTyTV2fWnlhYPzvbMw/view?usp=sharing
adjusted_train_images_164000,https://drive.google.com/file/d/1mtZhvKOk80-OpOYNfHGlFnz8vokp1QIh/view?usp=sharing
adjusted_train_images_165000,https://drive.google.com/file/d/1UOOW1CnH7e8tx3zL7N7YEDGfJ3qgidik/view?usp=sharing
adjusted_train_images_166000,https://drive.google.com/file/d/1qo4xZDsbD4Ypylqqcl3-iqMKB4ZVzj_w/view?usp=sharing
adjusted_train_images_167000,https://drive.google.com/file/d/1ALWpal-9D69EPQV9PaoLGCFvUP0i-Sa4/view?usp=sharing
adjusted_train_images_168000,https://drive.google.com/file/d/1c9l_pGX46E4SkQxNzGBm2FZoecSx0mUy/view?usp=sharing
adjusted_train_images_169000,https://drive.google.com/file/d/1MHSU4i5X453gBAJyEtKg8xw1lE7ivYLI/view?usp=sharing
adjusted_train_images_170000,https://drive.google.com/file/d/1iMOROLcO7vlPo7wvVK9owdNizndcOScC/view?usp=sharing
adjusted_train_images_171000,https://drive.google.com/file/d/1dzGfVyjoa1qzQpBgvdJ_NkS_dOCJKq4H/view?usp=sharing
adjusted_train_images_172000,https://drive.google.com/file/d/1Nh0UeJLjCrGX9ztovmFmEJPPZXiPOXyH/view?usp=sharing
adjusted_train_images_173000,https://drive.google.com/file/d/1epWBLsE7CS11TyIbXa_4tGa1dsZ_h2xW/view?usp=sharing
adjusted_train_images_174000,https://drive.google.com/file/d/1xN6Hjad1i4v3zKnrsY4NNbYCvnKAQC5A/view?usp=sharing
adjusted_train_images_175000,https://drive.google.com/file/d/1artpE6cYxEqIjrL6FM_5dgBS6i2uN9hQ/view?usp=sharing
adjusted_train_images_176000,https://drive.google.com/file/d/1Kk21ii9ecEvlFoItdzYAYXhaE2Gs4wrb/view?usp=sharing
adjusted_train_images_177000,https://drive.google.com/file/d/1uW8e5cd6lRaEl0wxZN2n1v_XSlQEsdfk/view?usp=sharing
adjusted_train_images_178000,https://drive.google.com/file/d/1EqwyBRmr8b6S6bjg8sjRYbyJLVXmdnwR/view?usp=sharing
adjusted_train_images_179000,https://drive.google.com/file/d/1IvdWZGrzRPvAc9HpOyPCjwBFnU2SSLLn/view?usp=sharing
adjusted_train_images_180000,https://drive.google.com/file/d/1_BddXrzUbvyfTDTWZSS13dwooLZLN-77/view?usp=sharing
adjusted_train_images_181000,https://drive.google.com/file/d/1b_5o3e07ICTC1qznsksrw6q-9W4KbY0_/view?usp=sharing
adjusted_train_images_182000,https://drive.google.com/file/d/1NGC2NylhhJUBOERl5UwfyyMl911OW_YI/view?usp=sharing
adjusted_train_images_183000,https://drive.google.com/file/d/1sfVs5L0UFfLRp8EG-eMiMXDa87AV4z3w/view?usp=sharing
adjusted_train_images_184000,https://drive.google.com/file/d/103RHmvoM6vo7SuzOCwdVHjoSNQ2HJQgB/view?usp=sharing
adjusted_train_images_185000,https://drive.google.com/file/d/1c_GkjA6esM_4aR5GiOYzpBHV5Ey9rM4j/view?usp=sharing
adjusted_train_images_186000,https://drive.google.com/file/d/1nDROW3dkyZa2uy2WTY4-2hjxmZFR7Vmn/view?usp=sharing
adjusted_train_images_187000,https://drive.google.com/file/d/1Cs_vi9auKZAB4j50xkekDnA_Idb4kXmm/view?usp=sharing
adjusted_train_images_188000,https://drive.google.com/file/d/1IYRlqFR4AJ4GiVIOxS9Ey7Fp9DZH3AG6/view?usp=sharing
adjusted_train_images_189000,https://drive.google.com/file/d/1U3-2Bbhi5QvfUVvyzfNeJXisWvStmR3V/view?usp=sharing
adjusted_train_images_190000,https://drive.google.com/file/d/1vTA_2T8ih8KRBxHOMZ-NidxGhl1X2QiL/view?usp=sharing
adjusted_train_images_191000,https://drive.google.com/file/d/1OPHE-sgzHBngRVcpFYcuy7MG1zQBhlwW/view?usp=sharing
adjusted_train_images_192000,https://drive.google.com/file/d/1mN0rI_3C_EERWOkpLvRR4TncB1dL2hjv/view?usp=sharing
adjusted_train_images_193000,https://drive.google.com/file/d/1VZx8McHhZWsszBhbuHZkPMnHh0Jkj-4p/view?usp=sharing
adjusted_train_images_194000,https://drive.google.com/file/d/1ILdsiYcftJT643uTRiHvlnLdqOcQ_cB1/view?usp=sharing
adjusted_train_images_195000,https://drive.google.com/file/d/1i4T1efhIHwHyiJrQ5q1lCb0_mbjS-Onx/view?usp=sharing
adjusted_train_images_196000,https://drive.google.com/file/d/1X0-qaHQnrnd4tZS3Nb2fmAgXUzdKob-C/view?usp=sharing
adjusted_train_images_197000,https://drive.google.com/file/d/1P3cHVyoHcDjA3vNqnKNmuXaXdZVr07yU/view?usp=sharing
adjusted_train_images_198000,https://drive.google.com/file/d/1NtNJUotX6ex0ust7rtzgqJHCSuKlAJSK/view?usp=sharing
adjusted_train_images_199000,https://drive.google.com/file/d/1-uyd4YtQEUVD-NRfwB6ecOxLf4FccUYX/view?usp=sharing
adjusted_train_images_200000,https://drive.google.com/file/d/19nGnAoPG0Nq7_U1DhQOCIFi65xjT0laO/view?usp=sharing
adjusted_train_images_201000,https://drive.google.com/file/d/1kHKil8NoJpcN6jux0vIY6_pQP1nxoupE/view?usp=sharing
adjusted_train_images_202000,https://drive.google.com/file/d/1y1dmTXJBOHM_JSMnvnWe8A4OD4CrXKdY/view?usp=sharing
adjusted_train_images_203000,https://drive.google.com/file/d/1jNlCt0oY4gobbREiQdCIQ4Q_0SvF2iVr/view?usp=sharing
adjusted_train_images_204000,https://drive.google.com/file/d/1BOycLvUCGQYCMqjBx5Tbgy5OBuPxEI27/view?usp=sharing
adjusted_train_images_205000,https://drive.google.com/file/d/1_Bur-EArHRciNx_gekquLKky6XqWiVw9/view?usp=sharing
adjusted_train_images_206000,https://drive.google.com/file/d/1ykmc3eJm1_TfeZTDfKtOqEi7-2cXUtd4/view?usp=sharing
adjusted_train_images_207000,https://drive.google.com/file/d/1DjFm2w6VgZIImYstC3HRVlUyDh_iRn2V/view?usp=sharing
adjusted_train_images_208000,https://drive.google.com/file/d/1QlIzMOC7_ivrx8GnJuzJC0OVuMK7S1KG/view?usp=sharing
adjusted_train_images_209000,
adjusted_train_images_210000,
adjusted_train_images_211000,
adjusted_train_images_212000,
adjusted_train_images_213000,
adjusted_train_images_214000,
adjusted_train_images_215000,
adjusted_train_images_216000,
adjusted_train_images_217000,
adjusted_train_images_218000,
adjusted_train_images_219000,
adjusted_train_images_220000,
adjusted_train_images_221000,
adjusted_train_images_222000,
adjusted_train_images_223000,
adjusted_train_images_223413,